NAME	cluster dominant cell type	X	Y
TYPE	group	numeric	numeric
4	CD4+ T cell	0.1539098240575687	-3.485095424563587
5	CD4+ T cell	2.08220027630383	0.3455766529361225
6	CD8+ CXCR4+ T cell	-5.066040470807768	3.132762341865362
7	CD8+ CXCR4+ T cell	-3.731335086496868	3.5191613779732482
8	CD4+ T cell	2.648313557463382	0.6250457863712464
9	CD16+ NK cell	-7.285057973269346	-0.6339142099482411
10	CD8+ CXCR4+ T cell	-3.129631745710923	2.384095466293115
11	CD8+ CXCR4+ T cell	0.0403220379243443	1.074970798272546
12	CD4+ T cell	2.5692319285151717	-0.9635589120342987
13	CD8+ CXCR4+ T cell	2.2295052227819294	1.6315497453886505
14	CD8+ GNLY+ T cell	-5.699261730026995	1.3940215597907215
15	CD8+ CXCR4+ T cell	0.7774756842420063	-0.891852048040175
16	CD8+ CXCR4+ T cell	0.8654207521967618	-0.8358278891090494
17	CD4+ T cell	2.7727860499863546	-0.07240605032167058
19	CD8+ GNLY+ T cell	-5.510148464443011	-1.9598601901932307
20	CD8+ GNLY+ T cell	-6.06404594563947	-0.30201689674659465
22	CD8+ CXCR4+ T cell	-4.973017321122104	2.221692806728526
23	CD8+ PD1+ T cell	-1.6605181705870518	0.8635477199247152
25	CD8+ GNLY+ T cell	-6.231314604003386	-1.4296486472154208
26	CD4+ T cell	0.3101168749070433	-2.338698707926175
27	CD4+ T cell	3.146198901508912	-4.271768968447558
28	CD4+ T cell	2.007315181296727	-0.15161635681286367
30	CD8+ GNLY+ T cell	-6.137340921261354	0.47524480336621466
31	CD4+ T cell	1.7578976233626313	-1.6542966099623226
32	CD4+ T cell	2.2619793202789706	0.33235370063860104
34	CD4+ T cell	2.643891093416136	0.9269921665179379
35	CD8+ CXCR4+ T cell	-0.04252741236913726	-0.5424505200230414
36	CD8+ CXCR4+ T cell	-3.1152511099674842	3.04498670214048
37	CD8+ CXCR4+ T cell	-5.205728324243255	3.1555527797143834
38	CD4+ T cell	2.8078338346221248	0.027390657752101255
39	CD4+ T cell	1.9009122147756654	-0.6434178883849069
40	CD4+ T cell	3.577529814163939	-4.624096232676989
41	CD4+ T cell	4.9166390883919595	-3.8623159388037083
42	CD8+ CXCR4+ T cell	-4.76460698517416	3.2323176614855464
43	CD4+ T cell	0.9794060906962565	-3.326199054026418
44	CD4+ T cell	1.3461676210484492	-0.47627066956912784
45	CD4+ T cell	4.862946749099095	-3.615525593775728
46	CD8+ GNLY+ T cell	-2.8035446284333894	0.5571860174384575
47	CD4+ T cell	0.6839076611747557	-1.9937521653257975
48	CD8+ CXCR4+ T cell	-3.225117292491879	3.3578675128409357
50	CD4+ T cell	3.2606203579309687	-4.498896952015782
51	CD8+ CXCR4+ T cell	-3.6953272427387516	3.173001364945525
52	CD4+ T cell	3.9784412407607244	-3.1686089706762846
53	CD8+ CXCR4+ T cell	0.3892213560322919	-2.883973964528481
54	CD8+ CXCR4+ T cell	-4.161532133547671	3.1416779823583587
55	CD4+ T cell	5.1078151041315385	-3.7023106772262
56	CD8+ GNLY+ T cell	-2.221362811123802	0.6800156643076279
57	CD4+ T cell	3.6321187047032506	-1.3662277502913205
58	CD4+ T cell	4.622699315171927	-3.912957722840323
59	CD4+ T cell	2.6978555101643025	-1.087076026192757
60	CD8+ CXCR4+ T cell	-3.3249044338887117	3.5624810467974393
61	CD4+ T cell	2.0886677472698523	0.7446596994415142
62	CD4+ T cell	5.162480811033836	-3.5786711474685733
63	CD4+ T cell	2.2248657655772437	-2.74875128103374
65	CD4+ T cell	2.6128365147347683	-1.7556383115300631
66	CD8+ GNLY+ T cell	-5.284006391956174	1.8752746604133874
67	CD8+ CXCR4+ T cell	-4.78490493511811	2.8651889313787127
68	CD4+ T cell	2.462663894850687	1.7632731232857919
69	CD4+ T cell	1.9564843437345665	1.4100142621021785
70	CD4+ T cell	1.6321760901040767	0.968964362793935
71	CD4+ T cell	2.373526635302733	1.5233415189116692
72	CD4+ T cell	4.337630511209315	-3.1568283895411913
73	CD16+ NK cell	-6.222693790549276	-0.46425248685499493
74	CD8+ GNLY+ T cell	-5.973438734683941	-1.830918075331572
75	CD4+ T cell	2.800403110550028	-0.2209209088801794
76	CD4+ T cell	4.141977626804779	-4.262546493962352
77	CD4+ T cell	3.1012966965541358	-2.9326375040795023
78	CD4+ T cell	1.5212641950782555	-1.9496489565019457
79	CD8+ CXCR4+ T cell	-4.342471956503813	3.224210585711984
80	CD8+ PD1+ T cell	-1.8275729879835556	0.7566943551660115
81	CD4+ T cell	1.2225694700257168	-0.32000735618091875
82	CD8+ GNLY+ T cell	-5.783803742898901	1.3368470226463127
83	CD4+ T cell	5.359569884755198	-0.89074100594779
84	CD4+ T cell	2.108536437972469	-1.1065593412563788
85	CD8+ CXCR4+ T cell	-3.0193673110970907	3.255026317551249
86	CD8+ CXCR4+ T cell	-2.214955390199726	3.5945560940615904
87	CD4+ T cell	5.0640416215170925	-2.1782024643012456
88	CD8+ CXCR4+ T cell	-5.160052345988099	3.1962604036837643
89	CD8+ CXCR4+ T cell	-5.713204044632447	1.890329926421097
90	CD16+ NK cell	-6.563606441598999	-1.6914551590166516
91	CD8+ GNLY+ T cell	-5.7067521980402995	-1.0155181826452555
92	CD8+ CXCR4+ T cell	-1.4039847002193357	2.096246543397887
93	CD4+ T cell	2.7033932944706622	-1.4778020581664328
94	CD8+ CXCR4+ T cell	-0.2715487347670569	-0.0707798387587188
95	CD8+ CXCR4+ T cell	-2.945214843106273	2.530948315412854
96	CD8+ CXCR4+ T cell	-3.0975627112533295	1.8176450041314203
97	CD8+ CXCR4+ T cell	-3.3439379270044993	2.4708249266588753
100	CD8+ CXCR4+ T cell	-3.2058484199715203	2.236994535985518
101	CD4+ T cell	2.0093753653576476	-1.610345243557587
102	CD4+ T cell	2.611096155782401	-1.7051829067103157
103	CD4+ T cell	1.849187365807288	-1.933325831476523
104	CD8+ GNLY+ T cell	-5.555894945317368	0.7612870290901586
105	CD16+ NK cell	-5.997057347869448	-1.4165714999420043
106	CD8+ CXCR4+ T cell	-4.234749467749806	3.0175289839300006
107	CD4+ T cell	4.726209619394332	-3.307183916587739
109	CD16+ NK cell	-7.318569406893005	-1.1388924781158878
110	CD8+ CXCR4+ T cell	-0.5905238060313809	1.654708359137114
111	CD4+ T cell	1.0797156673895645	-0.5141013105559771
112	CD8+ CXCR4+ T cell	-2.128771135468697	2.1807064647823524
113	CD4+ T cell	4.42526781469916	-2.9313369286988666
114	CD4+ T cell	4.620976373187103	-1.4029935881926545
115	CD8+ CXCR4+ T cell	-3.0333227888808887	2.595482382548816
116	CD4+ T cell	4.8252499690907085	-1.913036222261278
117	CD4+ T cell	2.4616179651547725	-3.3070822342821224
118	CD8+ PD1+ T cell	-0.4230591136448527	2.296629410789505
119	CD4+ T cell	4.892833153115733	1.3519967604484848
120	CD4+ T cell	2.1147318640555453	-2.912969369084771
121	CD4+ T cell	3.3358803620290214	-3.653466846935054
122	CD4+ T cell	3.5330046850758867	-4.214574504273837
123	CD4+ T cell	3.0608410966038484	-3.1059324693047548
124	CD4+ T cell	3.2495551790763644	-2.4808615826030724
125	CD4+ T cell	2.450647921447618	0.5079891135283164
126	CD8+ GNLY+ T cell	-4.725361917267658	-1.9436960564751564
128	CD4+ T cell	3.145421488461098	-3.7672922600108016
129	CD8+ CXCR4+ T cell	-0.021685982112245705	0.20829460793776508
130	CD8+ GNLY+ T cell	-5.879233767649655	-0.8698449562998374
131	CD8+ GNLY+ T cell	-5.50006591652543	-1.3537227716888351
132	CD8+ CXCR4+ T cell	-3.4640259477951605	2.1136422605418006
133	CD8+ PD1+ T cell	-0.8686025147260898	1.775997100368554
135	CD4+ T cell	3.7021097342457194	-4.171029756513343
136	CD8+ CXCR4+ T cell	-4.692855876696029	3.3384090258744603
137	CD8+ PD1+ T cell	-1.97505633018067	4.206725367049198
138	CD4+ T cell	2.3832655435170036	-3.496886130857503
139	CD4+ T cell	1.696892528034	-2.7555986305273468
140	CD8+ CXCR4+ T cell	-4.201564839607201	1.8801841172506726
141	CD4+ T cell	4.648819194580976	-3.2928960066992032
142	CD4+ T cell	4.161086343042778	-4.732418109831195
143	CD4+ T cell	3.3498760205057714	-2.8501192972390905
145	CD8+ CXCR4+ T cell	-1.7350830165945543	3.8357429517435424
146	CD8+ CXCR4+ T cell	-2.8606691362951473	3.8053685014769556
147	CD4+ T cell	4.955942178006642	-3.5773858639596874
148	CD4+ T cell	0.32396698198923146	-3.2627446622216274
149	CD8+ GNLY+ T cell	-5.6754844716808055	-2.003386930202827
150	CD8+ CXCR4+ T cell	-3.309291080796889	1.6950731729419806
151	CD8+ PD1+ T cell	-1.9104168654237892	3.74802124563544
152	CD4+ T cell	0.8400878805016292	-3.043467860499184
153	CD4+ T cell	4.3334301315804655	-3.6600040981297037
154	CD8+ CXCR4+ T cell	0.7191515902105097	-1.630161309980756
155	CD4+ T cell	0.895815211009998	-2.754936128912491
156	CD8+ CXCR4+ T cell	-3.6913958820297648	2.5801742875896445
157	CD8+ GNLY+ T cell	-5.790957493503099	-1.7312689513348711
158	CD8+ CXCR4+ T cell	-4.618543225185144	2.4616611303157407
159	CD4+ T cell	1.6790818060242152	1.0105478033623194
160	CD8+ PD1+ T cell	-3.560700425179043	1.3175390932268962
161	CD8+ GNLY+ T cell	-2.6837418936794393	0.5459489014974487
162	CD4+ T cell	2.4105607235474906	-1.6060417217234009
163	CD8+ CXCR4+ T cell	-4.239810428881124	1.6917981463455036
164	CD8+ GNLY+ T cell	-5.4616744724497766	1.5640767417296493
165	CD4+ T cell	2.1705443165026415	-1.6072828619886097
166	CD8+ CXCR4+ T cell	0.05149622079622973	-1.0873616536070103
167	CD4+ T cell	2.794960988151727	-3.426954132894397
168	CD8+ GNLY+ T cell	-6.101069372368209	-1.5196354841103643
169	CD16+ NK cell	-6.8133577319650165	-1.3432597990839712
170	CD4+ T cell	2.6636731034860723	-2.9772718669592324
185	CD4+ T cell	4.986407701116012	-2.0393735137910585
489	CD8+ PD1+ T cell	-0.8138855901095379	3.257548824997166
490	CD8+ PD1+ T cell	0.5400397727981046	2.9581393260525206
491	CD4+ T cell	4.56536741085714	-2.3158726334374538
492	CD8+ PD1+ T cell	0.02573058404177564	1.4100635701749495
493	CD8+ PD1+ T cell	0.27125835922433716	2.2979586848567113
494	CD4+ Treg cell	4.1359339583621315	2.0434914844507883
496	CD8+ GNLY+ T cell	-5.238462404438255	-0.13768483225446532
497	CD8+ PD1+ T cell	0.10962083615215001	3.7828969629825813
499	CD4+ T cell	3.5622714605986685	-1.096806704878151
500	CD8+ PD1+ T cell	0.8557245968143012	3.187703713714334
501	CD4+ Treg cell	5.816098234750653	0.3343077777130621
502	CD8+ PD1+ T cell	-0.05699272549940693	3.057646872101916
503	CD8+ GNLY+ T cell	-5.5995553131247675	-0.5038910105858592
504	CD8+ GNLY+ T cell	-2.9560817309505416	0.3323711274015304
506	CD4+ T cell	0.2857168075610812	-3.8538959557289303
507	CD8+ PD1+ T cell	0.44820491496724624	2.4753846784139633
508	CD8+ PD1+ T cell	-0.8428665442212024	3.2332422169591077
510	CD4+ Treg cell	-0.18650268357904976	4.847553992267126
511	CD8+ PD1+ T cell	-1.1775996942579745	4.063224150270117
512	CD4+ Treg cell	4.582319725565201	2.309584098580606
513	CD8+ PD1+ T cell	-0.8094528961057021	3.536025246640117
514	CD8+ PD1+ T cell	0.27247059535010565	2.907065410365119
515	CD4+ T cell	5.621591235701603	0.4096601882740084
516	CD8+ PD1+ T cell	-2.079836115747351	4.492439074786778
517	CD8+ PD1+ T cell	-0.6827045094802122	2.316116115386813
519	CD4+ T cell	4.1746816348368405	0.07726957020034245
520	CD8+ PD1+ T cell	-0.8115581939259269	3.556923940387018
521	CD4+ Treg cell	4.7640759567567015	1.3365596641891007
523	CD4+ T cell	2.82055562133798	-3.0599575539714925
524	CD8+ PD1+ T cell	-0.44657536837308176	2.7193909767015287
525	CD8+ GNLY+ T cell	-4.381614539602557	0.2394673098558681
526	CD4+ T cell	3.393449146393248	-1.1477010118136965
528	CD8+ PD1+ T cell	0.4950712778400612	3.8452833893937552
530	CD8+ PD1+ T cell	0.8259107262587475	3.633095714408221
531	CD8+ PD1+ T cell	-0.7088710132698843	3.683126431626807
532	CD4+ Treg cell	4.040294582069436	2.8195610541578278
533	CD4+ Treg cell	4.363371338958729	2.656426330969342
535	CD8+ PD1+ T cell	-1.003829022897118	2.259515837368503
536	CD8+ PD1+ T cell	-0.4595146631971825	4.899508573815254
538	CD8+ GNLY+ T cell	-4.736898008794273	-0.11872605025789512
539	CD8+ PD1+ T cell	-1.1686129423254705	2.922054551855825
540	CD8+ PD1+ T cell	-0.22524805921754898	3.4977182231510047
541	CD8+ PD1+ T cell	-0.17945187224144155	2.487161931956726
542	CD4+ Treg cell	5.82347201974661	0.4017105962702033
543	CD8+ PD1+ T cell	-0.43463924346080063	2.5045609093398506
545	CD8+ PD1+ T cell	-1.2556587322676744	3.6904825418703315
546	CD8+ PD1+ T cell	-1.0867593210090536	3.410094622491889
547	CD8+ PD1+ T cell	1.0702150065174962	3.5669654830455717
548	CD4+ Treg cell	4.16464039706584	2.742366040817623
550	CD8+ PD1+ T cell	-0.9554907808437747	4.363105741065544
551	CD8+ PD1+ T cell	-1.4218119674427054	3.1356953399735112
552	CD4+ Treg cell	4.84607334339018	1.455247916969719
553	CD4+ Treg cell	5.824320724723715	1.1660632396002408
555	CD8+ PD1+ T cell	-0.6193650693220505	3.7932911142405343
559	CD4+ Treg cell	5.874525287648563	1.2084976093795585
560	CD8+ GNLY+ T cell	-6.097903497393242	-0.28897357748201163
561	CD8+ PD1+ T cell	-1.3557632406401436	4.370008089748078
562	CD4+ T cell	0.2652154554629782	-3.7521974575080588
563	CD8+ PD1+ T cell	-1.019484024436744	2.6548890341509566
564	CD4+ Treg cell	5.9161940999384655	-1.545778993420554
565	CD8+ CXCR4+ T cell	-1.6786042551084341	2.007039578474018
566	CD8+ PD1+ T cell	-1.3849951677786763	3.6823131299187617
567	CD4+ T cell	1.4671182655389552	-2.451054625742818
568	CD8+ PD1+ T cell	0.03398075600608319	3.0109997591374444
569	CD8+ PD1+ T cell	0.07627641450833322	2.2748034378727167
570	CD8+ PD1+ T cell	-2.1421608764836004	4.648438942850797
571	CD8+ GNLY+ T cell	-2.7370635595667823	0.49103062817063453
572	CD4+ T cell	0.4213756442496839	-3.1663575128018646
574	CD8+ PD1+ T cell	-0.7865326762387217	4.545549279074854
576	CD8+ GNLY+ T cell	-5.580317201204112	-0.26700733736742216
578	CD8+ PD1+ T cell	0.3743783304008004	3.388463320415609
626	CD4+ T cell	3.1924197729509762	-0.24238287620658178
627	CD8+ GNLY+ T cell	-5.857511016737255	0.5061561500201608
628	CD4+ T cell	3.4812896882510787	-1.383345266958102
629	CD4+ T cell	3.3719310796296655	-2.0874914636976922
630	CD4+ T cell	5.201069406794069	-3.613954523649531
631	CD8+ GNLY+ T cell	-5.468773634553921	1.1789418493033392
633	CD4+ T cell	3.003406090501687	-0.3684001827845332
635	CD8+ PD1+ T cell	-0.8080953034445226	4.825375332962902
636	CD4+ T cell	4.339772414445757	-4.519776703311957
637	CD8+ CXCR4+ T cell	-1.2122629933739852	0.4156174249134822
640	CD4+ T cell	2.952365340511303	-0.4446584974699577
643	CD8+ PD1+ T cell	1.4652824370509572	3.4412673821096935
645	CD4+ T cell	3.5730150659747384	-0.24259401232856453
646	CD8+ PD1+ T cell	-0.4362370168269054	2.965422678287449
647	CD4+ T cell	3.2056631774814104	-0.711890905787387
648	CD4+ T cell	3.0889999586440045	2.1736096321065337
652	CD4+ T cell	1.4702012798858075	0.1441462464732495
653	CD8+ PD1+ T cell	-1.0928182714220083	4.513493972764437
654	CD8+ GNLY+ T cell	-4.368407901101883	0.4165426035826652
655	CD8+ PD1+ T cell	-0.7198273434415248	4.106492611920504
656	CD4+ T cell	3.420391618086465	-2.5086734514899844
657	CD4+ Treg cell	4.569164912255003	2.5869876740568136
659	CD4+ Treg cell	4.196460777112082	2.75322513724242
660	CD8+ GNLY+ T cell	-5.010461264593782	0.42725673131544717
662	CD8+ GNLY+ T cell	-5.230753843994399	0.0022320434776063602
663	CD4+ Treg cell	5.946539048923979	-1.6384450064656555
664	CD8+ PD1+ T cell	-0.597419348719125	4.251154128243225
666	CD4+ T cell	3.263495958446252	-2.745828756427189
668	CD4+ Treg cell	5.351020391509276	1.8028186516090534
669	CD4+ Treg cell	5.531285703121604	1.4321307648751878
672	CD4+ Treg cell	4.305335612597535	2.7293452880371363
756	CD4+ Treg cell	4.063587656742518	2.82628872311851
757	CD8+ PD1+ T cell	0.03015326071201052	3.1945176944972773
758	CD8+ PD1+ T cell	-1.5593110258417386	3.220675661250566
759	CD8+ PD1+ T cell	-2.020065307683125	3.806805550937786
760	CD8+ PD1+ T cell	0.1267061025993541	2.843566293230759
761	CD8+ CXCR4+ T cell	-3.331074271917887	1.4313355771056193
762	CD8+ GNLY+ T cell	-4.670242939135265	0.3660235346655636
763	CD4+ T cell	3.340847011672179	-0.7271543351682521
765	CD4+ T cell	4.384468054271905	-4.41045221791606
766	CD4+ Treg cell	4.776608475919099	2.4512987894818092
767	CD8+ PD1+ T cell	0.45244116939848156	3.6995358153602305
769	CD4+ T cell	4.605608285663331	-0.038521364780760126
770	CD4+ T cell	0.9731882692020133	-3.7647587205224387
771	CD8+ PD1+ T cell	0.1741874415506801	3.2611744844554145
772	CD8+ PD1+ T cell	-1.2836834369059145	2.934774804449667
773	CD8+ GNLY+ T cell	-4.580218803976091	0.0738440226285988
775	CD8+ PD1+ T cell	-0.9093348164168247	3.3233503844858467
777	CD4+ Treg cell	4.506858536280173	2.4782302324524523
778	CD8+ GNLY+ T cell	-4.4728819057966716	0.4069087179445674
779	CD8+ PD1+ T cell	0.37621853690830354	3.7326624230495447
780	CD4+ T cell	3.849278443505514	0.21731098413558758
782	CD8+ PD1+ T cell	0.6273010966326484	3.6886076602833993
783	CD8+ PD1+ T cell	-0.6545367831847912	2.7027151322031537
784	CD4+ T cell	3.7164550201524875	-0.24109377754900313
785	CD4+ T cell	1.3430494242236286	-3.763738108675736
786	CD8+ PD1+ T cell	-1.6910604286980249	3.4705806920869073
788	CD8+ PD1+ T cell	-2.3003845365833633	4.023700451102235
789	CD8+ PD1+ T cell	0.4131759044379477	3.5361624704560572
790	CD4+ T cell	0.3808914933483527	-3.9579650154843566
794	CD4+ T cell	4.055746563876834	0.4691194644123997
795	CD4+ T cell	3.0743645955902403	-0.09843858255335869
797	CD8+ CXCR4+ T cell	-0.36871971152715255	-1.4840698013774256
799	CD8+ PD1+ T cell	-2.269510746297968	4.406453040374038
800	CD4+ Treg cell	5.367880353014507	1.7916657561868559
802	CD8+ PD1+ T cell	0.08460155094718025	2.613922075847635
804	CD8+ PD1+ T cell	-0.4770146434301943	4.895805086096978
806	CD8+ PD1+ T cell	-0.9639784891468719	2.3808727758617962
807	CD8+ CXCR4+ T cell	-0.08038112483729831	0.9984898961377264
808	CD8+ PD1+ T cell	0.38512148778261746	3.6418619245784143
809	CD4+ T cell	1.3519519760367886	0.09893744909968619
810	CD8+ PD1+ T cell	-0.24260644737522696	3.473616562097598
813	CD4+ Treg cell	5.815292263748502	-1.6079535171169665
815	CD8+ CXCR4+ T cell	-1.6584515571247702	2.038507159650946
816	CD8+ PD1+ T cell	-1.9776253560762629	4.643059050412725
818	CD4+ T cell	1.8294269681258382	-2.9115132827038677
819	CD4+ T cell	3.826587644311024	-0.33704674746312396
821	CD4+ Treg cell	5.738636896627747	-1.675241526456246
822	CD4+ Treg cell	5.891422729199112	-1.313244992247587
823	CD8+ PD1+ T cell	0.22977556467837235	3.2911393641983495
824	CD8+ CXCR4+ T cell	-3.6791216710410426	3.813409228850986
825	CD8+ PD1+ T cell	-0.15430476632924006	2.638918330720393
826	CD8+ GNLY+ T cell	-4.039754722322662	-0.06983050954567899
827	CD4+ T cell	5.213011882822978	1.9221998038110315
829	CD8+ PD1+ T cell	-1.2890491127674741	2.8919470025868774
830	CD8+ PD1+ T cell	-1.8929442464204167	2.6726248101746823
831	CD8+ PD1+ T cell	0.00157262295164462	3.1181734942325656
832	CD8+ CXCR4+ T cell	-0.0618072000819454	1.4675029084800653
833	CD8+ PD1+ T cell	-1.3049692403527107	2.9135208630393072
834	CD4+ T cell	4.010811249202264	0.19170816932133677
835	CD8+ PD1+ T cell	-2.227422592759619	3.3764922214747677
836	CD8+ PD1+ T cell	-0.3651154743702114	4.236689511612856
837	CD4+ Treg cell	3.9320599634281503	2.840741012444816
838	CD8+ PD1+ T cell	-1.2595012528005938	4.1479555121484815
840	CD8+ PD1+ T cell	-1.149754190420555	3.635923911659141
841	CD4+ T cell	3.7575000739121185	-1.0734738410774827
842	CD8+ PD1+ T cell	-1.5896658202323217	3.3856712196176435
844	CD4+ Treg cell	4.488181571767839	1.457495406892054
845	CD8+ PD1+ T cell	0.258718541077432	3.6678221266050675
846	CD8+ PD1+ T cell	-0.21306116757934324	3.584583091760114
847	CD4+ T cell	4.026756471097395	0.3268776780126125
914	CD8+ GNLY+ T cell	-6.725250950440536	-1.5718458021204118
916	CD8+ CXCR4+ T cell	0.3881963580169232	-0.29848239019617834
917	CD4+ T cell	3.3229362717115754	-0.5005752293095056
919	CD8+ CXCR4+ T cell	-2.951084841903426	2.571079564539105
920	CD8+ CXCR4+ T cell	-3.2618380438312786	2.435686197982414
921	CD8+ CXCR4+ T cell	-5.277034989443796	2.468966634160386
922	CD4+ T cell	1.8968218720689471	0.3052060473747358
924	CD8+ CXCR4+ T cell	-4.0617242778816465	3.6637671276484225
925	CD4+ T cell	4.400135661392248	-3.667667055522269
926	CD8+ CXCR4+ T cell	-2.682874051702121	2.428409996361815
927	CD8+ GNLY+ T cell	-5.525160838689146	1.8721603581653743
928	CD4+ T cell	2.4675617227393998	0.8893269401729906
931	CD4+ T cell	1.9304401005355871	-0.13160067810349535
932	CD8+ CXCR4+ T cell	-4.220146766865891	2.915994193287112
933	CD4+ T cell	1.747766603265543	0.5279948988485408
935	CD4+ T cell	1.6826005398856798	0.41694675101761264
936	CD4+ T cell	3.1000846764989642	-4.219095605005016
937	CD8+ CXCR4+ T cell	-2.737376718798728	2.482627708474737
939	CD8+ CXCR4+ T cell	-4.312460116103805	2.418075776326106
940	CD4+ Treg cell	5.615209142900898	0.4546852481364808
941	CD4+ T cell	1.9977120345041055	0.2642658988319354
942	CD4+ T cell	1.7058565972624844	-0.37424929029196913
943	CD8+ CXCR4+ T cell	-0.029593255710623545	0.6049011088773266
945	CD8+ CXCR4+ T cell	-3.8947677602914244	3.4852120041193975
946	CD8+ CXCR4+ T cell	-0.5094949670959099	-0.011118030698285264
947	CD8+ CXCR4+ T cell	-0.12802244497337556	-0.295092538000641
948	CD8+ CXCR4+ T cell	-4.417001702818511	2.732659828182129
949	CD4+ T cell	2.172519159938645	0.6032416115817147
950	CD8+ CXCR4+ T cell	-5.0493317619663625	1.4933366600072724
951	CD4+ T cell	2.379132363639725	0.9793247384548678
952	CD8+ CXCR4+ T cell	-3.68388658261342	2.8767304739626836
953	CD4+ T cell	1.978799901472345	0.06035176202140674
954	CD4+ T cell	0.4328834755991007	-1.95357945138173
955	CD8+ CXCR4+ T cell	-4.430902607807648	2.651091326226975
956	CD8+ CXCR4+ T cell	-1.4701848942616729	0.8402518447401335
957	CD8+ CXCR4+ T cell	-4.251236811847028	3.263362720048743
958	CD4+ T cell	2.3922436448036697	-0.42024037728867686
959	CD4+ T cell	1.8053551632359672	-1.0387683527495866
962	CD4+ T cell	2.077719011143121	-0.473713790388185
963	CD8+ CXCR4+ T cell	0.9829572078924309	-0.4582597697820369
965	CD4+ T cell	1.659817794544267	-0.3070701126087047
966	CD4+ T cell	1.1999164393477375	-0.5984553611302876
967	CD16+ NK cell	-6.954943863359039	-0.1806690345182802
968	CD4+ T cell	2.8216362819608856	-0.6767699356033046
970	CD8+ CXCR4+ T cell	-4.575423765457712	3.4667649896991883
972	CD4+ T cell	1.980688835663308	-1.3459862268962415
973	CD8+ CXCR4+ T cell	-4.709580657573223	3.3745243596147323
974	CD8+ CXCR4+ T cell	-4.272982116494705	1.829473808376976
976	CD4+ T cell	3.1599152875764496	-4.3826811986659315
977	CD8+ GNLY+ T cell	-5.160101651326658	1.448539678979658
978	CD4+ T cell	2.0753055155550424	-0.035162249941284585
979	CD8+ CXCR4+ T cell	-4.420166181237807	2.8921951206144985
980	CD8+ CXCR4+ T cell	-4.328461952982713	3.260572408597329
981	CD4+ T cell	1.8289401528489473	0.38233120263302245
982	CD4+ T cell	1.7230879217415944	-0.8091526229688106
983	CD8+ CXCR4+ T cell	-3.4638193168736975	3.6413349929127654
985	CD8+ CXCR4+ T cell	-3.454189431244031	3.8974155206803798
986	CD8+ CXCR4+ T cell	-3.673711465901221	3.527157111231166
987	CD8+ PD1+ T cell	-1.4646271703423417	1.1613980978468244
990	CD4+ T cell	0.7942098142012342	-2.151888227335976
993	CD8+ CXCR4+ T cell	-4.357532005261067	2.0978907249140377
994	CD8+ CXCR4+ T cell	-3.7817430496090925	2.971217776881172
995	CD8+ CXCR4+ T cell	-2.643185400133902	2.543521007078964
996	CD4+ T cell	2.9056485894899016	0.030068062727167777
998	CD4+ T cell	5.544977975749506	0.08477173462754012
1028	CD4+ T cell	3.9620636419207775	-1.8133962298673871
1029	CD4+ T cell	2.266699224465703	-1.6363639972081403
1033	CD4+ T cell	1.0036057497860662	-3.7858223220403273
1036	CD4+ T cell	2.414748014283398	-2.0780207083014517
1038	CD4+ T cell	4.138107270564833	-1.415650718569547
1041	CD4+ T cell	2.1148355423742986	-1.8203581950947278
1043	CD4+ T cell	1.1312603428130947	-2.6542082392650475
1044	CD8+ GNLY+ T cell	-5.582073590761606	-1.3362277131997167
1055	CD4+ T cell	2.11839363040749	-3.7919269966024727
1056	CD4+ T cell	1.1692688195008218	-3.9474677704146686
1057	CD4+ Treg cell	4.694248017037293	1.640715405098284
1058	CD4+ Treg cell	5.273721393981326	1.8563172028787465
1059	CD4+ T cell	4.2794467851384566	-4.133189403130679
1063	CD4+ T cell	4.195594382442096	-4.300611129084188
1064	CD4+ T cell	3.3660902532602686	-3.886085609950702
1068	CD4+ T cell	1.356671981942098	-3.9706539529555567
1069	CD4+ T cell	1.847308593539682	-3.9087282974009856
1076	CD4+ T cell	0.829462594325254	-2.3511789782105526
1077	CD4+ T cell	3.137997989782786	-3.2187500458323846
1078	CD4+ T cell	2.9039435354173575	-1.6168148213156626
1087	CD4+ T cell	0.6353634826232406	-3.578152709586971
1088	CD4+ T cell	0.41569395629046535	-2.7058980476439443
1090	CD8+ GNLY+ T cell	-5.70874763260776	0.9059976570053705
1093	CD4+ T cell	4.641873678536886	1.0885345983359112
1094	CD8+ CXCR4+ T cell	-0.14882244800777578	-1.6648515752993982
1095	CD4+ T cell	0.8566720572153426	-3.864685245593133
1096	CD4+ T cell	0.9503840976542659	-2.602493120264178
1098	CD4+ T cell	0.5942669378416088	-2.824881176273761
1100	CD4+ T cell	2.507007698654795	1.5123016432968412
1101	CD4+ T cell	0.40619021095847363	-4.190171054802216
1102	CD4+ T cell	4.15341258611824	-1.4308934990433668
1169	CD8+ PD1+ T cell	-1.5514160595628914	0.7966930511745763
1175	CD8+ GNLY+ T cell	-5.9183607859644525	-1.6204669758103853
1176	CD8+ PD1+ T cell	-0.3516497927488502	2.537369987245919
1177	CD8+ GNLY+ T cell	-2.8452436684129006	1.7058370446322237
1178	CD8+ PD1+ T cell	0.33509208052747863	2.860596747932398
1179	CD8+ PD1+ T cell	-0.18903162010471442	3.2447733431882746
1180	CD4+ T cell	1.8654924464714842	-3.5139477799904824
1181	CD8+ CXCR4+ T cell	-3.041682399531199	1.008659016407078
1182	CD8+ PD1+ T cell	-2.352179860247227	4.561628886008039
1183	CD8+ PD1+ T cell	-1.5584991807823685	1.089024773109846
1184	CD8+ CXCR4+ T cell	-2.6195594859321467	4.312382781189608
1185	CD8+ PD1+ T cell	-0.7307709086942635	3.505381274435377
1186	CD8+ CXCR4+ T cell	-3.035768977219953	3.505662278249656
1187	CD8+ CXCR4+ T cell	-2.813389815201659	3.7579681090514705
1188	CD4+ T cell	1.092120427056029	-3.841428632214652
1189	CD8+ PD1+ T cell	-0.3909107066870414	2.3426434052845697
1190	CD8+ PD1+ T cell	-0.556242847732975	2.6040321609043313
1191	CD4+ Treg cell	5.544532842946907	1.0474724456201916
1192	CD4+ T cell	3.4989656610828916	-1.8813721523747133
1193	CD4+ Treg cell	5.861058586435043	-1.6911908931754935
1194	CD8+ PD1+ T cell	-2.373956251970236	4.546698335855659
1195	CD8+ PD1+ T cell	-2.09871647834941	4.664662138374783
1196	CD8+ CXCR4+ T cell	-3.180190473725332	4.0029673320639585
1197	CD16+ NK cell	-7.046216887986848	-0.21512412611560833
1198	CD8+ PD1+ T cell	0.24744444331542614	2.760241340655382
1199	CD8+ GNLY+ T cell	-5.780690828775519	-0.6213107550432799
1226	CD4+ T cell	2.3448767132621686	-2.613906985754369
1227	CD4+ T cell	5.831949743674902	1.3147782937141674
1228	CD4+ T cell	1.8592425711579292	-0.8528175378487057
1229	CD4+ T cell	2.1627488606573237	0.38833683980585354
1230	CD8+ PD1+ T cell	-1.0707584667015548	2.9596919544444233
1231	CD4+ T cell	3.9385708645438893	0.47676147522418627
1234	CD4+ T cell	1.4695411766317552	-1.0977443039838397
1235	CD4+ T cell	3.9401303511655854	1.5348916987495165
1236	CD4+ T cell	3.5178784776874092	2.508236947141876
1237	CD4+ T cell	1.0265233537139913	-2.5004282017137656
1238	CD8+ PD1+ T cell	-0.6079948940762783	4.667723585031139
1239	CD4+ T cell	5.5564183143692665	0.598463189416508
1240	CD4+ T cell	3.4012998105913033	-2.7932287035576318
1241	CD4+ T cell	2.2156390876627796	-3.092241101436123
1242	CD8+ GNLY+ T cell	-3.325744242313734	1.6289130641721112
1243	CD4+ T cell	3.484509216189579	-4.507020933067297
1244	CD4+ T cell	4.100129075237805	-1.1792155585460204
1245	CD16+ NK cell	-7.654422911925206	-0.9771006194202501
1246	CD4+ T cell	1.9613178250059453	-3.795119432794202
1247	CD4+ T cell	1.3819053263008458	-2.2478463686124712
1248	CD4+ T cell	4.683996264208433	1.8321499742372238
1251	CD4+ T cell	4.221206317179719	-2.947070930205522
1253	CD4+ T cell	4.081629820442979	-0.6850840319689493
1254	CD4+ Treg cell	5.556663124195029	0.5915273749440064
1255	CD4+ T cell	3.980908150359067	0.3919202007459121
1256	CD4+ T cell	2.401479228126404	-3.7085351487402844
1257	CD4+ T cell	3.0155127782796587	-0.04869342971377777
1258	CD4+ T cell	1.4976318576070182	-2.0047634155010616
1260	CD4+ T cell	0.838876401491137	-3.688107323913756
1261	CD4+ T cell	3.9275619919100233	-3.8047911377048926
1262	CD8+ PD1+ T cell	1.773417017659486	3.357109667961556
1264	CD4+ T cell	3.081440969782574	-3.025453482407877
1294	CD4+ T cell	1.175015597499306	-0.6003105617086655
1373	CD4+ T cell	5.093044502606797	-0.25615338122682435
1374	CD4+ T cell	4.018575405247238	-0.36462928666543176
1375	CD8+ CXCR4+ T cell	-0.09265194531268328	0.674794874659125
1376	CD8+ GNLY+ T cell	-5.683809440598189	-1.1690033840587566
1378	CD4+ T cell	2.0742063511819753	-2.4512312941273966
1379	CD8+ GNLY+ T cell	-4.31900048015258	0.03165045042458259
1380	CD4+ T cell	1.5466519655815	-3.5494045646251875
1381	CD4+ T cell	2.6101537580928555	-3.5038982636055085
1382	CD8+ GNLY+ T cell	-4.8810332377927885	0.2327457104913863
1383	CD8+ CXCR4+ T cell	-0.3405240873034523	-0.026836547783221087
1384	CD4+ T cell	3.730026964299257	-4.416151976446061
1385	CD4+ T cell	3.2972307412330437	-1.5612646680390325
1386	CD4+ T cell	0.6675561736361433	-2.954433073278626
1387	CD4+ T cell	0.9497149548985135	-3.8205454975979416
1389	CD16+ NK cell	-7.263335392778627	-0.8057156015752818
1390	CD16+ NK cell	-6.360210941415656	-1.5988936188713794
1391	CD4+ T cell	1.4780624526628114	-3.671109583807358
1392	CD8+ CXCR4+ T cell	-0.04587621819627641	1.1565516406091036
1393	CD8+ CXCR4+ T cell	0.42038909199822627	-0.22133507842948802
1394	CD4+ T cell	0.5647888911120436	-4.1367294337858365
1395	CD8+ GNLY+ T cell	-5.868061304526809	-2.0260731943533776
1396	CD4+ Treg cell	5.858444974400551	0.8223850186796009
1398	CD4+ Treg cell	5.184992029784674	1.6978613153221562
1399	CD8+ GNLY+ T cell	-5.106998598185819	1.1460049093899212
1400	CD8+ CXCR4+ T cell	0.19112880523323983	-1.1245929204379226
1402	CD8+ CXCR4+ T cell	-3.941396485554961	1.853937919713882
1403	CD4+ T cell	0.6372270122767854	-3.3190695875004357
1404	CD4+ T cell	2.762986689445807	-4.332874234928126
1406	CD16+ NK cell	-7.161358535021846	-0.7965941040779903
1407	CD4+ T cell	4.272159236426499	-4.449102087909669
1408	CD4+ T cell	0.4823079554853418	-3.0686688505996127
1409	CD8+ GNLY+ T cell	-6.0794350004694495	-1.6133789839378245
1410	CD8+ GNLY+ T cell	-4.048298814618788	0.03297261109195804
1412	CD8+ GNLY+ T cell	-3.932704277292685	0.007547409232668778
1414	CD4+ T cell	2.5526613054943015	-3.6207870654225998
1415	CD8+ GNLY+ T cell	-5.255948688670854	-1.8260611683274102
1416	CD8+ PD1+ T cell	-0.5786016894393857	3.4638275366591995
1417	CD4+ T cell	1.8217691258998536	-3.5230492874958963
1418	CD8+ CXCR4+ T cell	0.2953231461146888	-1.3595131577188968
1419	CD8+ CXCR4+ T cell	-0.1879799736701364	0.8882876082066999
1420	CD8+ CXCR4+ T cell	0.11238336946779204	0.6815353081384558
1421	CD4+ T cell	0.5730732405671446	-3.6386086638745017
1422	CD4+ Treg cell	5.555123364832039	0.2920124405758397
1423	CD4+ T cell	2.5570670123662085	-1.9769866684978583
1424	CD4+ T cell	0.7798157207880425	-2.9291671814213025
1425	CD4+ T cell	4.1773857772803895	-1.3665088285673812
1426	CD4+ T cell	0.8245775207847161	-2.382183483076282
1427	CD8+ CXCR4+ T cell	-0.3831940898905668	-1.3412046520433438
1428	CD8+ CXCR4+ T cell	-1.1101935671416632	0.5293820552146706
1429	CD4+ T cell	0.35305942578402294	-3.48478402858596
1431	CD4+ T cell	0.9617577463664839	-3.4159751244756262
1433	CD8+ CXCR4+ T cell	0.5652028988135294	-1.1290153822805233
1434	CD8+ CXCR4+ T cell	3.9376766663111695	-3.1481639988594146
1435	CD4+ T cell	2.29170392178456	-1.8901575744013852
1436	CD8+ CXCR4+ T cell	-2.0401520066411027	3.4824092798935773
1437	CD16+ NK cell	-7.58737408080447	-0.732105907402816
1439	CD8+ CXCR4+ T cell	-0.18873589657811052	-1.8073389392825623
1440	CD4+ T cell	1.6993350259549695	-3.4483946818111435
1441	CD8+ GNLY+ T cell	-4.840650698372431	0.2075824342183457
1442	CD8+ GNLY+ T cell	-4.809431624180671	0.0760691757583451
1443	CD4+ T cell	4.0390072435155435	-2.3918277651373647
1444	CD4+ T cell	3.1399363255516057	-3.429968866442025
1445	CD8+ GNLY+ T cell	-6.5499274608521505	-1.1862216835183397
1446	CD16+ NK cell	-6.551531448923521	-1.722336899644713
1447	CD4+ T cell	3.836063040663073	-3.65148946006713
1448	CD8+ CXCR4+ T cell	-4.097292049688896	1.1686248268177097
1449	CD4+ T cell	3.9688048904116453	1.329597708340637
1450	CD4+ T cell	1.1899016920920709	-1.51861398492556
1451	CD4+ T cell	2.53611892139135	-0.6792641578041059
1452	CD4+ T cell	0.3455593369893657	-3.5037317354954456
1453	CD16+ NK cell	-7.5734706118091575	-1.078646922418135
1454	CD4+ T cell	3.5124988753125708	-3.1891682164920496
1456	CD4+ T cell	4.328485109896061	-3.9781317639258624
1457	CD4+ T cell	5.29147852330465	-2.1769775063074404
1458	CD4+ T cell	3.8554657764176152	-3.652407722469756
1459	CD16+ NK cell	-6.419436033035056	-1.6462921900944658
1460	CD8+ CXCR4+ T cell	-0.02765226273117638	-1.4704491937209754
1461	CD8+ CXCR4+ T cell	1.1132029752309778	-1.9308007549633344
1539	CD4+ T cell	0.48783989533657457	-2.9077728416673305
1540	CD16+ NK cell	-7.409425861759729	-0.7682215939261225
1542	CD8+ CXCR4+ T cell	0.27324781384965235	-1.4023228573004234
1544	CD4+ T cell	1.5184089689131273	-3.2224260030912895
1545	CD8+ CXCR4+ T cell	0.11669989482028931	-0.2076035392021624
1546	CD4+ Treg cell	4.19056068663714	2.296755887332101
1548	CD16+ NK cell	-6.440153202657933	-1.4043903350575524
1549	CD4+ Treg cell	4.159729222897373	2.21129863052188
1551	CD4+ T cell	0.6293928758764495	-3.21852606132198
1552	CD4+ T cell	1.8524005384058586	-3.073920144831101
1553	CD8+ CXCR4+ T cell	-0.7614024332727052	0.18803211797076153
1554	CD4+ T cell	1.7265265080344736	-2.4982800325393018
1555	CD4+ T cell	0.3914804085120813	-2.35324798321599
1556	CD4+ T cell	3.0626402243337205	-1.867539492959425
1557	CD8+ CXCR4+ T cell	-0.008289209352087434	0.6336968881466717
1559	CD4+ T cell	0.3431057941441258	-3.7588105495862223
1560	CD4+ T cell	1.8178104257743957	-1.6709945047730692
1561	CD4+ T cell	3.3527742871792476	-1.9834007767794326
1562	CD4+ Treg cell	4.247793984094559	2.1581275635980446
1563	CD4+ T cell	0.08359549531893351	-3.6250300120377004
1564	CD4+ T cell	2.1699909100957457	-2.2156939712158303
1565	CD8+ CXCR4+ T cell	-0.15492062020032193	1.2832686386844372
1566	CD4+ T cell	0.34132808754365995	-1.8811071450150993
1567	CD4+ T cell	3.696688472012621	-1.4049951828258342
1569	CD4+ T cell	1.5187520089003825	-3.330338676079075
1570	CD4+ T cell	4.0463741195999905	-1.0085078485892833
1571	CD4+ T cell	-0.9729668090785709	4.465983564631357
1572	CD16+ NK cell	-7.491133716977474	-0.9639129121844632
1574	CD16+ NK cell	-6.797353549107419	-1.5887376432504763
1575	CD4+ T cell	0.5073117790468447	-3.3083884955353486
1576	CD4+ Treg cell	5.505679250991442	0.3005431385838354
1578	CD4+ T cell	1.9792308774393261	-2.9810251276444815
1579	CD4+ Treg cell	3.713885615465541	2.782157533080098
1580	CD4+ T cell	0.8143286879267075	-1.1476811620874627
1581	CD8+ CXCR4+ T cell	0.4390683330953806	-1.039439567561663
1582	CD8+ PD1+ T cell	-0.7749217753164861	4.730635747801457
1583	CD8+ CXCR4+ T cell	0.6410974337066746	-1.9449108365252503
1584	CD4+ Treg cell	5.577020493421653	0.7709482363101628
1585	CD4+ T cell	2.1240760931436045	-4.106134153494882
1587	CD4+ T cell	4.320168826158701	1.5929930615455878
1588	CD4+ T cell	1.6365372470480943	0.7982334016537189
1589	CD4+ T cell	4.982827762802141	-0.10564857611745254
1592	CD4+ T cell	1.2132522840465196	3.431321225527953
1593	CD8+ GNLY+ T cell	-6.3268986481241365	-1.0750048848596783
1594	CD8+ CXCR4+ T cell	-0.22883018617031792	-1.45311793996734
1597	CD4+ T cell	1.4594379428212216	-2.7596241971540896
1598	CD8+ CXCR4+ T cell	-1.728107293534155	2.073082518471742
1599	CD4+ T cell	0.41834940740504467	-2.7600351584239897
1600	CD4+ T cell	1.4482468447241434	-1.6198502633375211
1624	CD4+ T cell	3.9351573778275473	-3.058211790649569
1625	CD4+ T cell	2.2555994583068157	0.6536304762378125
1626	CD8+ CXCR4+ T cell	-4.417313805394823	2.0163956107533587
1629	CD16+ NK cell	-7.472747349349787	-0.903161857675044
1630	CD16+ NK cell	-7.403273307079863	-0.9182987624071803
1631	CD4+ Treg cell	4.177495595252654	2.584716455032494
1635	CD8+ GNLY+ T cell	-6.807116930133176	-0.043729454550917646
1639	CD8+ GNLY+ T cell	-6.7153578249523385	-1.2772048499935174
1643	CD8+ CXCR4+ T cell	-5.0836424805316645	2.9419502923698313
1645	CD8+ CXCR4+ T cell	-4.686869057505607	1.0739995318139504
1646	CD8+ CXCR4+ T cell	-4.545142537037073	1.4483650729008444
1647	CD4+ T cell	-0.06489301773668643	-3.457503431567954
1650	CD8+ CXCR4+ T cell	-4.226840807230006	3.530147401176165
1651	CD8+ PD1+ T cell	-1.3548254138041227	3.5962813774387534
1654	CD4+ T cell	3.3854387419170724	-0.25943306809381445
1655	CD4+ T cell	5.529558594708913	-1.6847371148673076
1660	CD4+ T cell	3.485057510919626	-2.456377731870227
1662	CD4+ T cell	2.1466632642202716	-0.9000629639246813
1670	CD8+ GNLY+ T cell	-6.197627280130489	0.3022536776370518
1675	CD4+ T cell	3.1171835953157148	-4.524262302690205
1676	CD8+ GNLY+ T cell	-6.629517636709534	-1.5297566036783652
1678	CD8+ CXCR4+ T cell	-3.9343632971749285	2.8460808183203703
1679	CD8+ CXCR4+ T cell	-5.053020284752271	2.7954849729260873
1680	CD8+ GNLY+ T cell	-5.876414541931809	1.040465728641012
1681	CD8+ CXCR4+ T cell	-5.318520263756377	2.8934381695536535
1682	CD8+ GNLY+ T cell	-6.582733574366609	-0.004965542290360503
1685	CD8+ CXCR4+ T cell	-4.27768761146657	1.3110124173525024
1687	CD4+ T cell	1.7475928412804345	-0.9062771722335399
1688	CD8+ CXCR4+ T cell	-2.8374936408732774	2.0050012360240905
1689	CD8+ GNLY+ T cell	-5.872438400120899	-0.6864044549372419
1690	CD16+ NK cell	-7.459744974362848	-0.6188420195216373
1691	CD8+ CXCR4+ T cell	-1.8145876401145673	0.8834277108379869
1692	CD4+ T cell	2.96654090778945	1.9700856765672101
1694	CD16+ NK cell	-7.184398272663355	-0.34643005877547833
1695	CD8+ CXCR4+ T cell	-3.332536564259913	3.9660292136828468
1699	CD4+ T cell	2.0407125577114584	-2.801679548578048
1701	CD8+ CXCR4+ T cell	-3.7514628751241546	2.043834318398221
1702	CD4+ T cell	5.006940890845231	1.149561778324468
1703	CD8+ CXCR4+ T cell	-2.98139958170519	4.04545772216831
1704	CD4+ T cell	4.9192298120498865	-3.478866680701171
1706	CD8+ GNLY+ T cell	-5.767412624349838	0.6309973391276877
1708	CD8+ GNLY+ T cell	-5.8386810468211365	0.11334294711829418
1711	CD16+ NK cell	-7.0827269547748095	-0.9869764850767628
1712	CD4+ T cell	0.6766951515847104	-3.251906541014184
1713	CD4+ T cell	3.4744469340138746	-1.2367602020670931
1714	CD4+ T cell	4.768995073670337	-1.4249123516370399
1721	CD4+ Treg cell	5.6777529681926895	-1.8167502362788588
1722	CD4+ T cell	3.734710550306854	-2.348143397655929
1724	CD8+ CXCR4+ T cell	-3.8105351279812067	2.223030135654899
1726	CD4+ T cell	5.206276800725024	0.03717880464166429
1728	CD8+ CXCR4+ T cell	-3.9091677015901665	3.794980496350784
1730	CD4+ T cell	2.451788965459465	0.706922708320267
1731	CD4+ Treg cell	5.829892777427764	0.06770530680729686
1733	CD8+ CXCR4+ T cell	-5.101391639167657	3.4054913945184744
1734	CD4+ T cell	1.6101153899007585	-0.43244579684461054
1736	CD4+ T cell	4.25095692322442	-3.610750117623633
1737	CD4+ Treg cell	3.7697175321154406	2.6648387651250767
1739	CD8+ CXCR4+ T cell	-3.1331153453316194	4.013450293417472
1740	CD8+ GNLY+ T cell	-5.674934798404181	1.6083753199740154
1741	CD8+ CXCR4+ T cell	-5.219845704592051	3.0320126268389025
1743	CD4+ Treg cell	5.501668498711096	1.0855871047215082
1744	CD4+ T cell	3.7830551446997838	-1.967888243279486
1746	CD8+ CXCR4+ T cell	-5.717442292410193	1.6104864096685076
1747	CD4+ T cell	4.847196129501336	1.1546943340299747
1749	CD4+ T cell	3.8986765802051915	-3.4183532383463247
1750	CD4+ T cell	2.8192308319253927	-3.4116285535130144
1752	CD8+ CXCR4+ T cell	0.5676163856058383	-1.3949231309912429
1755	CD4+ T cell	3.59431232049314	-2.3474068558528134
1758	CD16+ NK cell	-6.912520411216119	-0.35245896829302464
1759	CD4+ T cell	3.8212578606553054	2.6102659953180747
1760	CD8+ CXCR4+ T cell	-3.9687587068870123	2.4679403923280825
1764	CD4+ Treg cell	5.751893554494745	0.7600197397859273
1768	CD8+ CXCR4+ T cell	-4.658042483545123	3.2901025252043508
1770	CD8+ CXCR4+ T cell	-4.430428574099115	3.2602511607977593
1772	CD4+ T cell	2.7786746079826994	-1.760813672369162
1773	CD4+ T cell	4.0106540521709375	-3.0569929238405935
1774	CD4+ Treg cell	5.920169128787981	-0.6960650703620213
1775	CD16+ NK cell	-7.485299570936087	-1.1250337224260434
1777	CD8+ GNLY+ T cell	-5.610640353569195	1.7402886191270315
1778	CD4+ T cell	5.22351727106112	-1.9198151465304865
1780	CD4+ Treg cell	5.762863430532081	-1.4596093781053117
1783	CD4+ Treg cell	5.5165010162832475	1.2768772599847085
1784	CD4+ T cell	4.283088240293113	-2.413400626517394
1786	CD4+ T cell	2.401283104010501	-2.851012410247843
1787	CD8+ CXCR4+ T cell	-4.4754877414142324	1.7322224563669764
1788	CD8+ PD1+ T cell	-1.4094844594774465	3.5448757973505662
1793	CD4+ T cell	2.5858536370286123	-4.261106583662788
1794	CD8+ CXCR4+ T cell	-4.036321788855156	2.0140772530765396
1795	CD8+ CXCR4+ T cell	-4.74728470998576	3.548649526424296
1798	CD8+ CXCR4+ T cell	-0.29952723926893765	-1.4432325543202649
1800	CD8+ CXCR4+ T cell	-4.435567010063433	3.341202673010668
1801	CD8+ CXCR4+ T cell	-3.3372894205029486	1.969821428279026
1803	CD4+ T cell	4.34614191426365	-2.6562613058182856
1804	CD8+ GNLY+ T cell	-5.445998976053737	-1.471042994257552
1806	CD8+ GNLY+ T cell	-6.165282281643649	-0.6557723780104883
1809	CD4+ T cell	1.9103035515909361	-3.060025845288511
1811	CD4+ T cell	4.59475539264391	-3.512062019982502
1812	CD8+ CXCR4+ T cell	-4.3155207730943	1.9979249899811578
1813	CD4+ T cell	2.003833012863071	-2.6996197247596205
1814	CD4+ T cell	4.298351404852645	-4.173076540514514
1815	CD4+ T cell	2.39899032016928	-1.7817209821019395
1816	CD4+ T cell	0.7505920013348251	-3.7383872524177137
1819	CD4+ T cell	4.693238379931527	-1.7152505901843524
1820	CD16+ NK cell	-7.079142401672375	-1.3850063262641272
1821	CD8+ CXCR4+ T cell	-3.968411059750178	1.6147497597441705
1822	CD8+ CXCR4+ T cell	-5.289595283615572	2.7789599526800104
1824	CD8+ GNLY+ T cell	-6.315241866169151	-0.14793685217516206
1825	CD4+ T cell	-0.21681992287202578	-2.542572671734795
1826	CD4+ T cell	3.5145769142004646	-3.3661831331163796
1828	CD8+ GNLY+ T cell	-6.057025077311711	-1.1587787724679162
1829	CD8+ CXCR4+ T cell	-4.429552300139273	1.8977221508763846
1830	CD8+ GNLY+ T cell	-5.635053533135085	0.6145546772976807
1832	CD16+ NK cell	-7.280764751698937	-0.5367478709523155
1833	CD8+ GNLY+ T cell	-5.300995361675889	-1.7130526248649478
1834	CD8+ GNLY+ T cell	-4.759068442466925	-1.8098475067541477
1835	CD8+ GNLY+ T cell	-6.596656359962455	-1.4312136619312577
1836	CD8+ GNLY+ T cell	-6.007724747135366	0.42256440773432286
1838	CD8+ GNLY+ T cell	-5.792536157343719	-0.889862599970636
1839	CD8+ GNLY+ T cell	-5.641815329969854	-1.1942088645055275
1841	CD4+ T cell	4.582806563322414	-3.999453877864341
1843	CD4+ T cell	1.3424552411146629	-0.6174585265963886
1847	CD4+ T cell	3.172409253654834	-1.6288079625954572
1848	CD8+ GNLY+ T cell	-5.696372592059046	-0.325609111422877
1849	CD4+ T cell	4.471344406326945	-4.4305245127031
1850	CD8+ CXCR4+ T cell	-0.004276962423113373	-2.147751031408874
1851	CD4+ T cell	0.7116661378134526	-2.935550199020159
1852	CD4+ T cell	3.6487417553876966	-2.6233736636614933
1853	CD4+ T cell	3.452702650049927	-3.033815954104111
1854	CD8+ CXCR4+ T cell	-1.548107892695505	1.888405970002538
1855	CD4+ T cell	4.284185435512851	-1.764476986814503
1859	CD4+ T cell	2.0143682307926403	-1.125540326273024
1860	CD8+ CXCR4+ T cell	-5.553550329864105	2.3426804865561746
1861	CD8+ CXCR4+ T cell	-0.24066172415955034	-1.3219577517021421
1864	CD8+ GNLY+ T cell	-5.714666147116997	-0.10820602864119777
1866	CD4+ T cell	4.051260395475994	-4.584432722151591
1867	CD4+ T cell	-4.462813772550972	-1.9533877960179857
1868	CD16+ NK cell	-7.4208770023769395	-1.0717825603834432
1870	CD8+ CXCR4+ T cell	-4.433795925066203	1.300801533455864
1872	CD4+ T cell	3.1667379007308973	-4.511011127167685
1873	CD4+ T cell	2.531832302902533	-2.890395237446316
1876	CD4+ T cell	3.300091344143567	-3.280267176031276
1877	CD4+ T cell	3.1061426987144847	-2.8628434525949373
1880	CD4+ T cell	3.220332977130222	-3.554887994751271
1883	CD4+ T cell	4.155247267696443	-1.256373949127408
1884	CD4+ T cell	0.9375459001039979	-4.007834117674115
1886	CD8+ GNLY+ T cell	-5.607546002234968	-1.0411279459827858
1889	CD8+ CXCR4+ T cell	-3.6380820281828865	2.5321904806304727
1890	CD4+ T cell	2.214388591327265	-2.553580951887689
1952	CD4+ T cell	3.055409758102388	-0.1615182496038256
